Time [ms],Currrent
295827,0.881612
296329,0.92674
296831,0.913846
