Time [ms],Currrent
207739,0.95011
208241,0.928352
208743,0.909817
